"skill","file"
"other-skill/baiyueguang-learning",".git\config"
"other-skill/baiyueguang-learning",".git\description"
"other-skill/baiyueguang-learning",".git\HEAD"
"other-skill/baiyueguang-learning",".git\index"
"other-skill/baiyueguang-learning",".git\packed-refs"
"other-skill/baiyueguang-learning",".git\hooks\applypatch-msg.sample"
"other-skill/baiyueguang-learning",".git\hooks\commit-msg.sample"
"other-skill/baiyueguang-learning",".git\hooks\fsmonitor-watchman.sample"
"other-skill/baiyueguang-learning",".git\hooks\post-update.sample"
"other-skill/baiyueguang-learning",".git\hooks\pre-applypatch.sample"
"other-skill/baiyueguang-learning",".git\hooks\pre-commit.sample"
"other-skill/baiyueguang-learning",".git\hooks\pre-merge-commit.sample"
"other-skill/baiyueguang-learning",".git\hooks\pre-push.sample"
"other-skill/baiyueguang-learning",".git\hooks\pre-rebase.sample"
"other-skill/baiyueguang-learning",".git\hooks\pre-receive.sample"
"other-skill/baiyueguang-learning",".git\hooks\prepare-commit-msg.sample"
"other-skill/baiyueguang-learning",".git\hooks\push-to-checkout.sample"
"other-skill/baiyueguang-learning",".git\hooks\sendemail-validate.sample"
"other-skill/baiyueguang-learning",".git\hooks\update.sample"
"other-skill/baiyueguang-learning",".git\info\exclude"
"other-skill/baiyueguang-learning",".git\logs\HEAD"
"other-skill/baiyueguang-learning",".git\logs\refs\heads\main"
"other-skill/baiyueguang-learning",".git\logs\refs\remotes\origin\HEAD"
"other-skill/baiyueguang-learning",".git\objects\pack\pack-313468ffb59210b1f599a956c547127e1b1bb725.idx"
"other-skill/baiyueguang-learning",".git\objects\pack\pack-313468ffb59210b1f599a956c547127e1b1bb725.pack"
"other-skill/baiyueguang-learning",".git\objects\pack\pack-313468ffb59210b1f599a956c547127e1b1bb725.rev"
"other-skill/baiyueguang-learning",".git\refs\heads\main"
"other-skill/baiyueguang-learning",".git\refs\remotes\origin\HEAD"
"ui-ux-pro-max","scripts\__pycache__\core.cpython-311.pyc"
"ui-ux-pro-max","scripts\__pycache__\design_system.cpython-311.pyc"
